{
	"class_name" : "PinholeCameraParameters",
	"extrinsic" : 
	[
		-0.7440977782314403,
		-0.3957167661850467,
		0.53826270295375622,
		0.0,
		-0.66716624587355355,
		0.39824194047757094,
		-0.62951771794894551,
		0.0,
		0.03475193229194079,
		-0.827533442106546,
		-0.56033981243283826,
		0.0,
		5.6957889502120667,
		-0.13213525066678233,
		13.594866678733242,
		1.0
	],
	"intrinsic" : 
	{
		"height" : 996,
		"intrinsic_matrix" : 
		[
			862.56130216930092,
			0.0,
			0.0,
			0.0,
			862.56130216930092,
			0.0,
			958.5,
			497.5,
			1.0
		],
		"width" : 1918
	},
	"version_major" : 1,
	"version_minor" : 0
}